Воробьев;Федор;9611655998
Ромазанова;Любовь;9631834352
Салтыкова;Любовь;9647554222
Нардин;Федор;9281491161
Крутова;Анфиса;9294137413
Пустов;Тимофей;9265279964
Талалин;Кирилл;9717209525
Каде;Оксана;9162372420
Луковникова;Юлиана;9103132476
Травин;Данила;9125579481
Гребенников;Тарас;9645801784
Чиркаш;Варвара;9524014140
Радостина;Лана;9664813523
Толмачёва;Любовь;9166486292
Ковтунова;Марьямна;9305515650
Лоськов;Даниил;9682611663
Сиян;Федот;9552864081
Месяц;Рада;9061754090
Кожедуб;Петр;9052767346
Малинин;Герасим;9166122916
Бореева;Оксана;9505387563
Злобин;Кирилл;9974845862
Слатина;Лана;9934537295
Ильюшина;Милана;9675843058
Балунова;София;9106765344
Куратник;Алина;9544236681
Султанов;Ефим;9263251624
Богатова;Светлана;9773687716
Ельченко;Валерия;9264792615
Брант;Лидия;9934305265
Потёмкина;Оксана;9146401431
Чичеринов;Антон;9401681226
Панков;Макар;9815193289
Кувшинов;Максим;9651761440
Матвиенко;Галина;9531388595
Ярославов;Максим;9055672851
Бойцов;Петр;9755672313
Меликов;Максим;9677663066
Лапшина;Юлиана;9486699093
Корнеев;Емельян;9365343996
Бобриков;Леонид;9111748366
Карачёва;Вероника;9298368733
Подчасов;Михаил;9132851748
Распопова;Алина;9762347427
Сотникова;Людмила;9137595418
Маклакова;Тамара;9675651930
Карданова;Любовь;9582154713
Пелёвин;Лев;9273532473
Бобрик;Мила;9865538018
Павлов;Семен;9556172698
Виноградов;Егор;9905975389
Весовая;Ева;9528503984
Хоботилов;Иван;9882906435
Шуйская;Анфиса;9348654344
Никонова;Тамара;9921935233
Путилина;Марфа;9456765890
Воронова;Зоя;9076193879
Топорова;Евгения;9738768361
Васенин;Вячеслав;9975162976
Лимонов;Яков;9686662896
Сиянскиха;Ева;9154828779
Поличев;Георгий;9602499881
Переверзева;Марианна;9108023999
Летавин;Данила;9765779720
Минкин;Даниил;9559987151
Плеханов;Лев;9828187652
Недельский;Никита;9707985388
Меликова;Елена;9536997812
Шишкарёв;Василий;9703358689
Остапчук;Алина;9703117465
Суворина;Оксана;9785147567
Боголюбов;Никифор;9828473836
Катин;Макар;9839553544
Бурякова;Антонина;9999188381
Каипов;Геннадий;9165921013
Адоратская;Мария;9891489559
Кочкорбаева;Лариса;9749432243
Приемский;Юрий;9109959974
Яндиева;Альбина;9068641157
Седегова;Нонна;9338829345
Бесчастныха;Марианна;9802222037
Угличинин;Тарас;9661706065
Федосеев;Яков;9962541064
Таттар;Игнатий;9788077493
Кобзев;Евгений;9971667298
Лившиц;Светлана;9874412248
Гремпель;Герасим;9205021116
Митрохина;Ника;9867385880
Лысова;Марианна;9537918457
Руснак;Аполлинария;9676829711
Куксова;Римма;9997847795
Ковальчук;Ольга;9842123410
Наумов;Емельян;9794866761
Нюхтилин;Даниил;9906295731
Лепёхина;Елизавета;9219775192
Лоскутникова;Алла;9834675285
Яковцов;Семен;9995721461
Новожилов;Валентин;9455184548
Саитов;Тимофей;9573169763
Борзилова;Марьямна;9822108640
Казнова;Марьямна;9083778197
Янушкене;Павел;9549149997
Карабатова;Юлия;9945788642
Чупалов;Леонид;9761755695
Султанова;Рада;9722051633
Ивазова;Карина;9327893391
Филенков;Давид;9401835829
Килессо;Анфиса;9868207842
Сапалёва;Рада;9283759069
Капустина;Оксана;9878394821
Рутберг;Прохор;9541704811
Корниенко;Ефим;9691295644
Чернобровина;Анна;9481265965
Махнёва;Ева;9892387479
Лигачёва;Надежда;9191376412
Нефёдова;Наталия;9342158422
Прохоров;Александр;9296925522
Емельяненко;Николай;9084137723
Штыкова;Раиса;9126865623
Галицкова;Нонна;9474286697
Веденина;Афанасия;9471748515
Пономарева;София;9859676168
Удом;Валентин;9718337376
Овечкина;Марфа;9283036148
Якубович;Алла;9654262679
Энговатова;Арина;9366591352
Тимофеева;Дарья;9265629557
Ясаев;Геннадий;9684338965
Кацена;Татьяна;9861255233
Мысляев;Семен;9072479848
Пелёвина;Елизавета;9413339285
Шурупова;Ксения;9769333549
Драке;Павел;9724689917
Голубовский;Трофим;9707365534
Полищука;Светлана;9457079850
Александрович;Лидия;9973356626
Шабалин;Юрий;9661241692
Гаврин;Дмитрий;9609741411
Овсянников;Афанасий;9802044648
Пономарева;Мила;9866976377
Чумакова;Валерия;9463272458
Пода;Федот;9539941071
Ширинова;Марьямна;9156291698
Плаксина;Сюзанна;9102439015
Янкилович;Даниил;9512189993
Ягемана;Альбина;9494297895
Котельников;Павел;9727235522
Карандашов;Прохор;9298211421
Крупина;Аполлинария;9994728831
Елисеева;Жанна;9715387173
Карибжанова;Анжела;9499775365
Ахметов;Ефрем;9418496642
Цвиленева;Оксана;9082336723
Макеева;Вероника;9786966346
Зуев;Кузьма;9518875311
Валуев;Леонтий;9689959067
Вихрова;Ольга;9212033932
Жириновский;Леонтий;9711754861
Крыжов;Захар;9436234841
Кузьмин;Арсений;9497237613
Патрушев;Илья;9195323590
Выгузова;Антонина;9373721221
Шакмакова;Дарья;9833265476
Сметанина;Карина;9794274544
Куроптева;Алена;9714587394
Нечаева;Наталия;9814996360
Чунц;Алиса;9395549892
Подкользин;Егор;9268752130
Меликова;Зоя;9319664383
Синдеева;Ярослава;9509367053
Смирнов;Павел;9302548525
Шелепин;Антон;9182955286
Глинка;Рада;9192542696
Махов;Григорий;9364375691
Козлитина;Вероника;9717873752
Яненко;Макар;9508961021
Адоратский;Арсений;9821915267
Кубланова;Виктория;9662102458
Северин;Данила;9455414414
Пондякова;Аполлинария;9116235584
Полушин;Данила;9195702624
Бикеев;Георгий;9278544994
Рытов;Герасим;9726111246
Карандасова;Нина;9632345630
Кандинская;Клара;9541541820
Тимирёв;Серафим;9134559638
Витвинская;Ярослава;9761082124
Шустелёва;Елена;9724921221
Викашев;Федор;9548478278
Латушкина;Зоя;9632466878
Вердеревский;Серафим;9586305530
Голубова;Анжела;9967114482
Мазаева;Лана;9795709539
Званцова;Тамара;9786552258
Каменских;Ника;9263623628
Ямщиков;Антон;9522481415
Ханипов;Савва;9631147184
Шиловский;Степан;9566982450
Янушко;Евгений;9076993724
Елышева;Карина;9663185788
Половов;Иван;9263475539
Минин;Никита;9698788122
Ясаева;Лариса;9134515773
Кочерёжкина;Маргарита;9618876565
Исламов;Евгений;9967863415
Шеркова;Марьяна;9878491171
Канкия;Афанасий;9383508891
Сахаровский;Юрий;9546696776
Снеткова;Марьямна;9143291244
Машарин;Дмитрий;9345163555
Пыстогов;Прохор;9056576021
Крак;Людмила;9701115973
Вагин;Кирилл;9842642135
Шайнюк;Настасья;9896259534
Гавриленков;Никита;9943269468
Крыжова;Татьяна;9152456771
Панкратов;Юлиан;9564463118
Курышина;Василиса;9836233686
Бескрёстнова;Валерия;9571934924
Жаглин;Савва;9155431380
Абоимова;Марина;9914916535
Колпаков;Константин;9883073930
Юдашкин;Марк;9729187480
Таланов;Георгий;9712508372
Хигир;Оксана;9304478052
Тёмкина;Жанна;9083703865
Саянкина;Марина;9083127699
Бонч-Бруевич;Ефим;9748156223
Кудов;Герман;9406749688
Ямзин;Константин;9586348181
Булгакова;Валентина;9245489523
Швецов;Афанасий;9372931687
Зверев;Геннадий;9666584050
Булатов;Семен;9882916528
Якунин;Аркадий;9432989919
Жириновская;Елизавета;9249139194
Окладникова;Нина;9203147014
Зимин;Тимофей;9615621094
Языкова;Ирина;9602366748
Дворянкин;Севастьян;9123422124
Елизаров;Виталий;9573587710
Галыгина;Нина;9921816492
Лашкин;Максим;9483599362
Энговатов;Илья;9071045853
Акинфеева;Ульяна;9665668955
Комаров;Григорий;9073929687
Тычинина;Лана;9709171770
Кабальнов;Ефим;9765337382
Макаров;Виктор;9222123562
Януть;Игнат;9889007246
Жолдин;Тимофей;9703563956
Кондрат;Кирилл;9456618828
Асланов;Кирилл;9175042381
Корнев;Даниил;9755817742
Коптильникова;Серафима;9361544842
Байдавлетова;Римма;9768165399
Каримов;Лев;9596154059
Колвашева;Юлиана;9374185785
Гриневец;Никифор;9294973138
Цыганков;Егор;9391068596
Яблонская;Василиса;9741216938
Бугаков;Георгий;9356813318
Суслякова;Рада;9633891751
Климов;Гавриил;9943793621
Игонина;Елизавета;9986992395
Яльцева;Валентина;9512416310
Саянкин;Даниил;9741987996
Осинцев;Ефим;9702622299
Зворыгина;Дарья;9527154928
Лясковец;Константин;9334852781
Шепелева;Серафима;9769287350
Клюев;Григорий;9066513267
Балабанов;Адам;9528381223
Майоров;Захар;9232399569
Алеев;Константин;9972688569
Гурова;Марина;9379633174
Звягин;Трофим;9819391623
Кимаск;Виталий;9211255547
Листунов;Георгий;9456634089
Боварин;Тимофей;9717123117
Брынских;Иван;9385607014
Ярцев;Филипп;9305839472
Кирпа;Никифор;9732987845
Киреев;Ефим;9124793454
Островерхова;Марьяна;9594524531
Герасимов;Яков;9138105181
Бондарчук;Максим;9674034324
Полищук;Настасья;9356357578
Шибалкина;Ульяна;9372074373
Грачёв;Петр;9344409724
Комягин;Илья;9967477684
Лещенко;Василий;9909135199
Степанов;Марк;9741279683
Шибалкин;Игнат;9416525071
Клокова;Раиса;9243133625
Еремина;Ася;9533235887
Васина;Варвара;9682781010
Катериночкин;Георгий;9382659545
Лапшин;Григорий;9632682958
Дудаков;Юрий;9583929719